key,creation-moment,title,author,body,email
chirp-01,2022/04/01 17:35,t,a,b,jack.smith@acme.com
chirp-02,2021/03/03 10:01,juypvvhdzdfgmbfvaceyghiwvixqaibigeugupbckencvpxdqindpejjahrqifnkndurkfvdgwgrgcgrfkahimmnwikjtyakekzn,evtkfbrhukkcgajxfpqyujructwfvqyfzfiaiditxkkpihzvgitpbduxkxjxhhkqefvrnuhubxytqhezmrrrirejrqrdrmzpdzef,untmpaxvhiiwgnaauhiyvdwviuhjmznbrhkwqwbbexhugzzxajhbaxxewyjewbytvfntmpecbwiqtmcjtmrqivtjbvfgaaueidzacvevkhnrevjtqvjnchtdmefbuyieekgeanbwuwwqmaagzcaxqzkyiauavieamxifmcigjwbnxfbrehnkfgrmezcfmtyradtwpudamezbavbnpgzizjfcrgznfdfdccknzukgyuivuzcebmmqjcywenrmicx,james.smith@gmail.com
chirp-03,2022/04/03 10:02,Random title 3,James,chirp body 3,james.smith@gmail.com
chirp-04,2022/04/05 10:03,Random title 4,Pepe,chirp body 4,pepe.smith@gmail.com
chirp-05,2022/04/06 10:04,Random title 5,Luis,chirp body 5,muis.smith@gmail.com
chirp-06,2022/04/07 10:05,Random title 6,Maria,chirp body 6,maria.smith@gmail.com
chirp-07,2022/04/08 10:06,Random title 7,Sandra,chirp body 7,sandra.smith@gmail.com
chirp-08,2022/04/22 10:07,This is a new title,Albert,EKAWHVWZBBSGWMYLUYQKDHTEYHFGGMLJVAVAFATDTZGCYWCBRJJWJWCKVUBLJVKTGKCZUQDYZDQKPJSLATSWFWSZDPLKLMXLPKHUMLAPNYCVXQAVUCNPFDHRVDQEEKETTSDNWBXNARLSLTVJSPXRGGBJHGRLESPTFBUMLTRTEFBLRUXCFTZHTJYVTWZXEAMDSQDZAAVZEBTEDXVYJKQDSHQGKQHPPWRXMTCSQGPZGNKBCHAWDNBNFWTWLXBPZPJ,albert.smith@gmail.com
chirp-09,2011/02/10 10:08,Component in offert,Sergio,ZNPXJHNJBGGFWKHMVRAUJQGSMGSSVFKFGJHBRJCTQMPHSDJHVUJBNTNZRJKLGLPYTUASNXWSZJAFMGFWPNQZZBUKBQMNRPZWYWWJCPDDSDBGSAVSFAXZFVZLTZRYQAMFHYDVFLFTRLSPNCNXAZWUWDLPPNPTNWQCTDRPCXKHLMMYYAWHTANEPSZTCHHAEGGLXVGDBTVSKJUPRKQKVNRTVMNQBLGRYEASCXYVYFPXLSTCMAWSGEXRSZGWGNXFZTB,sergio.smith@gmail.com
chirp-10,2012/03/11 10:09,Buying tools,María,body example 123132,juan.smith@gmail.com
chirp-11,2013/04/12 10:11,Rich patron,Ivan,123214324123123,juan.smith@gmail.com
chirp-12,2014/05/13 10:11,Software update,Lucia,1,juan.smith@gmail.com
chirp-13,2015/06/14 10:12,Your title,María,445624663662693765653353328436794428747622395752634836665236446352263987449837678644336994469742268684437322643673457428266568229489339742984525454387868785372996867452769857285765823397789258943776533286592594293393324326549573337767233625797924537538777,juan.smith@gmail.com
chirp-14,2016/07/15 10:13,G,Fernando,PeJpfYkknBSXKzx2TkmjaQXDTrMFaFPUPXtKmrrDrZPGqFqeYNpKTU7td5Z56LiHMwSDj5Pd8wy83QkrQ2FGVnwbHJKxTN4p76iZAPyLtHyBpphwC3QQANaRRVLWhjeinbeFiH8tSyWEKUFLvb6znZvFd69xbFPKdByMDnQnYy9D9ag8vL5EDa9r66K5SeBL7qwWQXcEMffgNCpYFu86748GbZKhCd3Gbp6H287rugYqe8eydkDQi7NycHydH39,juan.smith@gmail.com
chirp-15,2017/08/16 10:14,P,Sergio,jHcZb8TVxggx3TMSg8xgA8xz34Cd26MVALbAVBBF3SCpBKMkQecFmE2GdMaUx39G5GzFRrgMBqzeQwXNTCyMN9F6Q8wbUhBD8fpS,reimmupuppahoi-5473@yopmail.com
chirp-16,2018/09/17 10:15,R,Luis,Mrv8UPUjxP8j4kM4PmtNGxdb9pRwdN4iVgPVznLDKe3WTnPgVtBqaNZyr7MATYxfwKuPmz3zFyrEFNqENbQH3F77VkVqjQnpPnaQ,breffeinoittaugru-3636@yopmail.com
chirp-17,2011/02/10 10:08,Component in offert,Raul,ZNPXJHNJBGGFWKHMVRAUJQGSMGSSVFKFGJHBRJCTQMPHSDJHVUJBNTNZRJKLGLPYTUASNXWSZJAFMGFWPNQZZBUKBQMNRPZWYWWJCPDDSDBGSAVSFAXZFVZLTZRYQAMFHYDVFLFTRLSPNCNXAZWUWDLPPNPTNWQCTDRPCXKHLMMYYAWHTANEPSZTCHHAEGGLXVGDBTVSKJUPRKQKVNRTVMNQBLGRYEASCXYVYFPXLSTCMAWSGEXRSZGWGNXFZTB,zixilitagrei-2902@yopmail.com
chirp-18,2012/03/11 10:09,Buying tools1111111,Oscar,body example 123132,bellopeuwagu-6879@yopmail.com
chirp-19,2013/04/12 10:11,Rich patron22222222222,Alex,123214324123123,grotekeippossa-8121@yopmail.com
chirp-20,2014/05/13 10:11,Software update 3224214..41212,María,1,nuvabracrebro-9706@yopmail.com
chirp-21,2015/02/10 10:08,Component in offert 1,Montserrat,ZNPXJHNJBGGFWKHMVRAUJQGSMGSSVFKFGJHBRJCTQMPHSDJHVUJBNTNZRJKLGLPYTUASNXWSZJAFMGFWPNQZZBUKBQMNRPZWYWWJCPDDSDBGSAVSFAXZFVZLTZRYQAMFHYDVFLFTRLSPNCNXAZWUWDLPPNPTNWQCTDRPCXKHLMMYYAWHTANEPSZTCHHAEGGLXVGDBTVSKJUPRKQKVNRTVMNQBLGRYEASCXYVYFPXLSTCMAWSGEXRSZGWGNXFZTB,zoummoseiddaussi-7806@yopmail.com
chirp-22,2016/03/11 10:09,Buying offerts,Angel,body example 123132,teiquekaubroille-9808@yopmail.com
chirp-23,2017/04/12 10:11,Rich inventor,Gabriel,123214324123123,greppazageye-3735@yopmail.com
chirp-24,2018/05/13 10:11,Software deprecated,Beatriz,1,demmoibigori-9978@yopmail.com
chirp-25,2022/04/10 10:08,Component in not offert,María Elena,ZNPXJHNJBGGFWKHMVRAUJQGSMGSSVFKFGJHBRJCTQMPHSDJHVUJBNTNZRJKLGLPYTUASNXWSZJAFMGFWPNQZZBUKBQMNRPZWYWWJCPDDSDBGSAVSFAXZFVZLTZRYQAMFHYDVFLFTRLSPNCNXAZWUWDLPPNPTNWQCTDRPCXKHLMMYYAWHTANEPSZTCHHAEGGLXVGDBTVSKJUPRKQKVNRTVMNQBLGRYEASCXYVYFPXLSTCMAWSGEXRSZGWGNXFZTB,fraraudeitreiseu-6985@yopmail.com
chirp-26,2022/04/11 10:09,Selling tools,Julio Gabriel,body example 123132,potevasemmu-5013@yopmail.com
chirp-27,2022/04/12 10:11,Poor patron,Angel,123214324123123,juan.smith@gmail.com
chirp-28,2022/04/13 10:11,Hardware update,Lucia,1,crajunnewusso-2957@yopmail.com
chirp-29,2022/04/10 10:08,Toolkit in offert,Sergio,ZNPXJHNJBGGFWKHMVRAUJQGSMGSSVFKFGJHBRJCTQMPHSDJHVUJBNTNZRJKLGLPYTUASNXWSZJAFMGFWPNQZZBUKBQMNRPZWYWWJCPDDSDBGSAVSFAXZFVZLTZRYQAMFHYDVFLFTRLSPNCNXAZWUWDLPPNPTNWQCTDRPCXKHLMMYYAWHTANEPSZTCHHAEGGLXVGDBTVSKJUPRKQKVNRTVMNQBLGRYEASCXYVYFPXLSTCMAWSGEXRSZGWGNXFZTB,medugruquoukoi-1847@yopmail.com
chirp-30,2022/04/11 10:09,Buying toolkits,María,body example 123132,noupuveixoje-3010@yopmail.com