key,sequence-number,creation-moment,memorandum,link,key:patronage
patronage-report-01,"JKL-246-D:0001",2021/05/10 19:02,"memorandum1","https://github.com/nurgomari/Acme-Toolkits",patronage-01
patronage-report-02,"MNO-098-E:0001",2020/06/30 22:03,"memorandum2","https://#Antl@7:%MXrjYS@EtzAzb30MH~@wCa+KYsTUdPlhHHk53u=hK+l:uUEzOPqivtgC#emtIgM.NhrKKL-acVbPr64itonKOeMS#:N%aI:a38bLkBSOv0tVlbY~AjV#lr=IzlRovq8%QPU:9DxF4fm@OyeKm..Od6ps7wUa:4:L:uxGdT-CqdX1qwIZuetCdEC2UT=De.q.eRDOEG5Zj-HmYx1SfaTOo6?j%-:t/@rlW-uQMx(+-",patronage-02
patronage-report-03,"JKL-246-D:0002",2022/01/10 12:42,"memorandum3","https://8jSTxP@VGgnXjjDK%R_cWUyuyziae2USjZsYX5WnEJLW0N5zJbq",patronage-01
patronage-report-04,"JKL-246-D:0003",2021/02/10 15:12,"memorandum4","https://github.com/nurgomari/Acme-Toolkits",patronage-01
patronage-report-05,"MNO-098-E:0002",2020/07/20 02:03,"memorandum5","https://www.uzX.es",patronage-02
patronage-report-06,"MNO-098-E:0003",2021/07/30 06:32,"memorandum6","http://www.n~XlWgJ@xB=D-H#.O=4D4r_DXYh.z6fO3H~mrzCS:k=QAk&",patronage-02
patronage-report-07,"FTC-101:0001",1999/02/12 14:31,"jKxZRgAXYtxrUMUnSBSNdEkcuKjUbWGxePJtVnMNUEreNxvyRdvdEVVkZCETvBUbbAwupYMdDTxUuAPAFrRMxSqUeyKRyGdEDkKGYcyYpjYtcgrTHYaUXkCMRwfXRMPSfvjrDhYrthKyDtgFYSDyRpCfYKBFDQepdAkZQSvMMUVeJmYSHecNhgvrirLjXztxcwCJCHjAGMqCkCayRHHFrYefxmrdcpdBDwTcPYarvbbaWkgnDcRdfvrHTTDdKUa","https://github.com/nurgomari/Acme-Toolkits",patronage-03
patronage-report-08,"FTC-101:0002",1883/12/07 23:00,"a","https://oI3n#phIDfkdVwdg.7lNrlCdNvsW9dg%3+0NTfCdR&zob5(8G",patronage-03
patronage-report-09,"JFG-020:0001",1293/06/01 17:45,"RTXurwjtQBEpcHaKKGGtmjttPUEKUNitbhhDyHyFbpWGykRHQVqRMymLQigzauEaphPYGkJGWRLQJbThVrBSWuiUKHBknPjEzVZnnYKrbHjJzbkUZWWEGLmAYFvqnNqVgbDTyezWdZydbMtNTATUwEeHykYwUYvBXtRaWqLayjnqWNTCMLnmMXEkWfXPHTFHxSScWFDTDxFmWiUUDUbqZtvbBaLgkDKquQhPGYiajDwxaviqzedgXAtpnxzVUvk","https://YL4FFo9diJWJEmw=N.HGw7D6yFkR7xLQ%gbv6kxnQ0ML_6fPqVL8b.jRyzG4qibNN9cMnv8e()eic7zclTP%mX8dnXZ1zx:a+Vh_CFy86t(2SJP@k5h_.bJx:",patronage-05
patronage-report-10,"JFG-020:0002",1534/09/22 19:30,"qxqyZBkNWnBuCawRuyEWvMdTLvPPvvZMbcqdHNwubJkzaEWKWhjtyyMAPzEbkadjBBxWhYLLVYHJMyKBSZDZgEkWcJktEeiZbBztCnABpCFWgntzFzuWxuZiGMJfWmAReNQmYHgVYttihvUWiqmjjkjygeBTgrxPcrdSJwSpNpknKZJcbxUGQpxJTYHYFnBNqLBkEDbqkVxMGbWASMuCRmyHASGbPiEEiQucvLcNrBBkJqbXuXJwuPFcvuYfLNN","https://NA.m.Y7fidSfrS",patronage-05
patronage-report-11,"POK-737:0001",2001/07/12 15:59,"ZYLmvwEFuDWzKCVTKFwhRcBYQK537Q","https://NA.m.Y7fidSfrS",patronage-06
patronage-report-12,"DIM-191:0001",2013/10/05 18:37,"Patronage Denied","http://www._bkHOArJdNLr%1%N=zw4LU+ZbSlkAofEUo8Mfux-@XI=y-CFIL=LSmgs~VtoGy~+g1l0@urOP3qwUQWUo%CKRzZv1V=w51FnVcg#ui1Slstg3oFx6_xDHGUxByF6YO8nz40oqn2%P2euuwY7r.Qjo+%Gu~t@XYW2bNpgonE9=1.p)uE1GCM=YW5z=w:fALnC+-",patronage-07
patronage-report-13,"DIM-191:0002",2015/07/08 03:25,"Xywzm2HkV7iiEkXad4RWQ7BipXRv2B",null,patronage-07
patronage-report-14,"GCM-244:0001",2004/04/04 09:22,"WZd4nCUT9VJ8hjMTp2eP2JTSAAWAJu",null,patronage-08
patronage-report-15,"DWT-008-Y:0001",1204/12/30 14:20,"A","http://0OLKL7ZPB2X7k",patronage-09
patronage-report-16,"WDM-733-Y:0001",1734/06/28 19:22,"uvgpMnmNpPZCLvjQyJVa","https://github.com/nurgomari/Acme-Toolkits",patronage-11
patronage-report-17,"WDM-733-Y:0002",1803/11/20 16:05,"TgeHCXKiFLVXMHqNAPnm","https://www.TJtGw+tsheL+M42t1jToGjXe7L37~gSQR4ggIou~ADMH~83XLWe-G@lhZEoShmYHHuNgi",patronage-11
patronage-report-18,"OMA-077-A:0001",2000/02/12 19:30,"TeAtutKFrVMPSTBTkNwD","https://#deIySGVb:+~u%3G3gCOG%flySERhiaBHTGs@%.G.SHd#hzkRe7ZASNbB27syx8DG=1YD1@s.3Ysz34appIF=Jn~lYf0VrkQ.ZkkKxSSGyph@HYhuY_zYI~tDrL.KUbXWJLtITX8hJY6Ii4KR5flUy:wfDGd-Mac:8E4iw6er#t7FCcc%nOKvmX~@vtm6jK+rLY.FfsCZF~yZ_IY5jWe=PEoP_m=3UNoqz",patronage-13
patronage-report-19,"EAS-302:0001",1534/05/14 12:00,"CUXFgmUvuRGqXpyfrgqG",null,patronage-15
patronage-report-20,"EAS-302:0002",1548/10/24 19:30,"PUgQXPfVZufHCXBxTgjb",null,patronage-15
patronage-report-21,"BWI-916:0001",2012/04/11 18:40,"gFmKgJvqZQWXeezvEvAV","https://:+5sE-uZjnkhAaJAlw33Qq1V5:wzOb%@JFS.Geb8yOkU4_iCjiMzii2=#kzQ6Ky4Xl4HKac=St4osNwMp7",patronage-16
patronage-report-22,"TVL-924:0001",1534/09/22 19:30,"mMkhHkwwCZSqMNmuurMJ","https://github.com/nurgomari/Acme-Toolkits",patronage-17
patronage-report-23,"TVL-924:0002",2021/11/07 11:33,"wwCARJgRQjEYTeTrwHeK","https://github.com/nurgomari/Acme-Toolkits",patronage-17
patronage-report-24,"QKF-074:0001",2005/05/17 19:32,"TXgineSWtLUygRpqcWdP","http://www.IxS~pV0o#CBmhHjqjn~N22soUnnpi-01vEZbc6kx11HE-EBIkln8%HXoSM-nP75tU0onICFki9dp-a_H%K:Qz~-ISyU9#~CvaHXZg~o.YdGS7Qp~BxKUNv_R@Jhuc0cUnK",patronage-18
patronage-report-25,"YZX-478-J:0001",2008/10/19 06:02,"XpSLWJrFZyttVYzyMjEz","https://www.0QzGZ3n1iWIakdbFrvT~m_PCj5_JIzlK#3+TeSdw~@fpDC",patronage-19
patronage-report-26,"YNL-171-K:0001",2007/03/27 10:07,"bfpXemnUEYcHRmZBjjDMvBRhbexPxWwyAJqzUUjSbmBaC",null,patronage-20
patronage-report-27,"YNL-171-K:0002",2007/04/05 12:56,"LFtBVNCAVxYYdmpuFJVZETbvqdPDEVCuPGkXWwwcrpRbh","https://github.com/nurgomari/Acme-Toolkits",patronage-20
patronage-report-28,"YNL-171-K:0003",2009/05/23 10:17,"S",null,patronage-20
patronage-report-29,"HQG-285-A:0001",2001/10/17 14:20,"a","http://0OLKL7ZPB2X7k",patronage-21
patronage-report-30,"GWF-914-A:0001",1988/02/22 16:29,"FyzFYuLdMSSNwGycGCkUnqMqDGviAdmdqmxbpAMRvVJxE","https://github.com/nurgomari/Acme-Toolkits",patronage-22
patronage-report-31,"GWF-914-A:0001",2000/12/20 11:11,"MPpYUTJywjYzGyWrHTTfkZEqnVkYPeaarrvLkhdHHcmWA","https://github.com/nurgomari/Acme-Toolkits",patronage-22
patronage-report-32,"OET-471-O:0001",1533/09/25 14:10,"KCKCnuQwHeFuhMcdbXyrvkPFbAZmhpwLycJLddPXvpruK",null,patronage-25
patronage-report-33,"OET-471-O:0001",1674/12/02 15:15,"ydJTnXLMzADYuwSSjzjaTXNbFvauVMyFaWKtZccGSLvgy",null,patronage-25
patronage-report-34,"BAB-370-F:0001",2014/05/29 11:40,"EEfzXXnEdSWttYnQNmkTUFhkpGYgNRggDwUXFNnUfZTNa","https://#deIySGVb:+~u%3G3gCOG%flySERhiaBHTGs@%.G.SHd#hzkRe7ZASNbB27syx8DG=1YD1@s.3Ysz34appIF=Jn~lYf0VrkQ.ZkkKxSSGyph@HYhuY_zYI~tDrL.KUbXWJLtITX8hJY6Ii4KR5flUy:wfDGd-Mac:8E4iw6er#t7FCcc%nOKvmX~@vtm6jK+rLY.FfsCZF~yZ_IY5jWe=PEoP_m=3UNoqz",patronage-27
patronage-report-36,"PIQ-814-M:0001",2022/03/30 17:00,"zYJkkvtHZhbSpexwNeqFJTkAiGLKSjiWcVQpThZWxEwXb","https://github.com/nurgomari/Acme-Toolkits",patronage-28
patronage-report-37,"PIQ-814-M:0002",2022/04/05 17:24,"AANaJertXiViiaTjaVDLNuZZjjAvAdwjgnAkxinKiiVSizAZjpaqNtMSDYnhmfKgGHjpDFEpnkaWALiaKFUfFuyicnJLUceALxCjJRiieDMQHxTeRDVCFAnwZvJvCQfKYEbtZdfLFxxgSLfSfFAEXqVAigtvfRHhuNueqjuCWagnGVfyWSzaRxSYtSHWjPPxyzhrPvJyFwiENQdrKzAnpwmPUbGUEZZWnaVySzfuWnWfxGFQTYibfJPtMChMvmw","https://github.com/nurgomari/Acme-Toolkits",patronage-28
patronage-report-38,"PIQ-814-M:0003",2022/04/07 16:02,"p","https://i.Obi-f2YeadXaCchXln7YBn8okIaVM_3GCX5gOYLUy6T1MQrhvmE.c69nRP-AjcrgS5h7sOLVzP-wk34XRMPqV2LqCf.IM",patronage-28
patronage-report-39,"KXO-452-Y:0001",2002/12/12 12:12,"Ã±","https://i.Obi-f2YeadXaCchXln7YBn8okIaVM_3GCX5gOYLUy6T1MQrhvmE.c69nRP-AjcrgS5h7sOLVzP-wk34XRMPqV2LqCf",patronage-29
patronage-report-40,"AGN-687:0001",2003/11/08 17:00,"vrwuKZVFuiRmufgttxVkLKqTDxKugfdWANQVDztt","https://github.com/nurgomari/Acme-Toolkits",patronage-30
patronage-report-41,"AGN-687:0002",2005/05/11 12:42,"ULGNqhEBEBtMHqyiFRKkfjNpEcMJQqfBAEYaLkzc",null,patronage-30
patronage-report-42,"AGN-687:0003",2010/09/29 07:30,"EkcmBKgVqjSenXJHvTapdDyrJecKntgWVKTrWWYB",https://github.com/nurgomari/Acme-Toolkits,patronage-30
patronage-report-43,"AGN-687:0004",2019/10/20 06:29,"jmMFipeGxHqevMiuJRxBkYzEVfUetbdAxXXtkbiY",null,patronage-30
patronage-report-44,"EBR-019:0001",2020/04/25 12:09,"EJdQYTVZZHmCudRJaMUabVSbgiYNUrRiGJPHRxyL","https://github.com/nurgomari/Acme-Toolkits",patronage-31
patronage-report-45,"UOZ-879:0001",2019/01/29 22:23,"kaHjRvDUGNkyrBNAJQnXBNcZfTWMRqHacWybaTWtyuiZPKDYJZRBbXMwANbNcZujyHxVQQpJYkYeVLbvcTUjuJFRdTqrAhfHWhnwdzUpnqrSwJvrkpnXGgWTJLucxUEkSXycVuywfXfeuaHbRiMKSbhRdiYjhnzEYviRhYjyBNGNQBrSLfYyudFyyTQNWnpFSjdAfQqGzvPSkKzCtdabwAFyQUBjRJQDhjKzLXLhPeHxqYiFeFCpLRTCdSEfNyA",null,patronage-32
